Pair,Occupation,Correct
1,STEM,0
1,Other,0
2,Other,0
2,Healthcare,1
3,Healthcare,0
3,Other,0
4,Other,0
4,STEM,0
5,Healthcare,0
5,Healthcare,0
6,Healthcare,0
6,STEM,0
7,STEM,0
7,Healthcare,1
8,STEM,0
8,Healthcare,1
9,Healthcare,0
9,Healthcare,1
10,Other,0
10,STEM,0
11,Healthcare,1
11,STEM,1
12,Other,0
12,Healthcare,0
13,Healthcare,0
13,Healthcare,1
14,STEM,0
14,STEM,0
15,Healthcare,0
15,Healthcare,1
16,Other,0
16,STEM,0
17,Other,0
17,STEM,0
18,STEM,0
18,Healthcare,0
19,Healthcare,1
19,Other,1
20,Other,0
20,Healthcare,0
21,Other,0
21,Other,0
22,Other,1
22,Healthcare,1
23,Healthcare,0
23,Healthcare,1
24,Other,0
24,Healthcare,0
25,Healthcare,1
25,STEM,0
26,STEM,0
26,Healthcare,1
27,Other,1
27,Healthcare,1
28,Other,1
28,Healthcare,0
29,Healthcare,0
29,STEM,0
30,Other,0
30,Other,0
31,Other,1
31,Healthcare,0
32,Healthcare,0
32,Other,1
33,STEM,0
33,Other,0
34,Other,0
34,STEM,1
35,Healthcare,0
35,Healthcare,0
36,Healthcare,0
36,Healthcare,1
37,Other,0
37,Healthcare,0
38,Healthcare,0
38,Other,1
39,Healthcare,0
39,Other,0
40,Other,0
40,Other,1
41,Healthcare,1
41,Healthcare,0
42,Other,0
42,Other,0
43,Other,1
43,STEM,0
44,Other,1
44,Healthcare,0
45,STEM,0
45,STEM,0
46,Healthcare,0
46,Healthcare,0
47,Healthcare,0
47,Other,1
48,Healthcare,0
48,Healthcare,0
49,Other,0
49,STEM,1
50,Healthcare,0
50,Healthcare,0
