age,Subject,period,drug,carry,response
older,1,1,A,none,F
older,1,2,B,A,F
older,2,1,A,none,F
older,2,2,B,A,F
older,3,1,A,none,F
older,3,2,B,A,F
older,4,1,A,none,F
older,4,2,B,A,F
older,5,1,A,none,F
older,5,2,B,A,F
older,6,1,A,none,F
older,6,2,B,A,F
older,7,1,A,none,F
older,7,2,B,A,F
older,8,1,A,none,F
older,8,2,B,A,F
older,9,1,A,none,F
older,9,2,B,A,F
older,10,1,A,none,F
older,10,2,B,A,F
older,11,1,A,none,F
older,11,2,B,A,F
older,12,1,A,none,F
older,12,2,B,A,F
older,13,1,A,none,F
older,13,2,B,A,U
older,14,1,A,none,F
older,14,2,B,A,U
older,15,1,A,none,F
older,15,2,B,A,U
older,16,1,A,none,F
older,16,2,B,A,U
older,17,1,A,none,F
older,17,2,B,A,U
older,18,1,A,none,F
older,18,2,B,A,U
older,19,1,A,none,F
older,19,2,B,A,U
older,20,1,A,none,F
older,20,2,B,A,U
older,21,1,A,none,F
older,21,2,B,A,U
older,22,1,A,none,F
older,22,2,B,A,U
older,23,1,A,none,F
older,23,2,B,A,U
older,24,1,A,none,F
older,24,2,B,A,U
older,25,1,A,none,U
older,25,2,B,A,F
older,26,1,A,none,U
older,26,2,B,A,F
older,27,1,A,none,U
older,27,2,B,A,F
older,28,1,A,none,U
older,28,2,B,A,F
older,29,1,A,none,U
older,29,2,B,A,F
older,30,1,A,none,U
older,30,2,B,A,F
older,31,1,A,none,U
older,31,2,B,A,U
older,32,1,A,none,U
older,32,2,B,A,U
older,33,1,A,none,U
older,33,2,B,A,U
older,34,1,A,none,U
older,34,2,B,A,U
older,35,1,A,none,U
older,35,2,B,A,U
older,36,1,A,none,U
older,36,2,B,A,U
older,37,1,A,none,U
older,37,2,B,A,U
older,38,1,A,none,U
older,38,2,B,A,U
older,39,1,A,none,U
older,39,2,B,A,U
older,40,1,A,none,U
older,40,2,B,A,U
older,41,1,A,none,U
older,41,2,B,A,U
older,42,1,A,none,U
older,42,2,B,A,U
older,43,1,A,none,U
older,43,2,B,A,U
older,44,1,A,none,U
older,44,2,B,A,U
older,45,1,A,none,U
older,45,2,B,A,U
older,46,1,A,none,U
older,46,2,B,A,U
older,47,1,A,none,U
older,47,2,B,A,U
older,48,1,A,none,U
older,48,2,B,A,U
older,49,1,A,none,U
older,49,2,B,A,U
older,50,1,A,none,U
older,50,2,B,A,U
older,51,1,B,none,F
older,51,2,P,B,F
older,52,1,B,none,F
older,52,2,P,B,F
older,53,1,B,none,F
older,53,2,P,B,F
older,54,1,B,none,F
older,54,2,P,B,F
older,55,1,B,none,F
older,55,2,P,B,F
older,56,1,B,none,F
older,56,2,P,B,F
older,57,1,B,none,F
older,57,2,P,B,F
older,58,1,B,none,F
older,58,2,P,B,F
older,59,1,B,none,F
older,59,2,P,B,U
older,60,1,B,none,F
older,60,2,P,B,U
older,61,1,B,none,F
older,61,2,P,B,U
older,62,1,B,none,F
older,62,2,P,B,U
older,63,1,B,none,F
older,63,2,P,B,U
older,64,1,B,none,U
older,64,2,P,B,F
older,65,1,B,none,U
older,65,2,P,B,F
older,66,1,B,none,U
older,66,2,P,B,F
older,67,1,B,none,U
older,67,2,P,B,F
older,68,1,B,none,U
older,68,2,P,B,F
older,69,1,B,none,U
older,69,2,P,B,F
older,70,1,B,none,U
older,70,2,P,B,U
older,71,1,B,none,U
older,71,2,P,B,U
older,72,1,B,none,U
older,72,2,P,B,U
older,73,1,B,none,U
older,73,2,P,B,U
older,74,1,B,none,U
older,74,2,P,B,U
older,75,1,B,none,U
older,75,2,P,B,U
older,76,1,B,none,U
older,76,2,P,B,U
older,77,1,B,none,U
older,77,2,P,B,U
older,78,1,B,none,U
older,78,2,P,B,U
older,79,1,B,none,U
older,79,2,P,B,U
older,80,1,B,none,U
older,80,2,P,B,U
older,81,1,B,none,U
older,81,2,P,B,U
older,82,1,B,none,U
older,82,2,P,B,U
older,83,1,B,none,U
older,83,2,P,B,U
older,84,1,B,none,U
older,84,2,P,B,U
older,85,1,B,none,U
older,85,2,P,B,U
older,86,1,B,none,U
older,86,2,P,B,U
older,87,1,B,none,U
older,87,2,P,B,U
older,88,1,B,none,U
older,88,2,P,B,U
older,89,1,B,none,U
older,89,2,P,B,U
older,90,1,B,none,U
older,90,2,P,B,U
older,91,1,B,none,U
older,91,2,P,B,U
older,92,1,B,none,U
older,92,2,P,B,U
older,93,1,B,none,U
older,93,2,P,B,U
older,94,1,B,none,U
older,94,2,P,B,U
older,95,1,B,none,U
older,95,2,P,B,U
older,96,1,B,none,U
older,96,2,P,B,U
older,97,1,B,none,U
older,97,2,P,B,U
older,98,1,B,none,U
older,98,2,P,B,U
older,99,1,B,none,U
older,99,2,P,B,U
older,100,1,B,none,U
older,100,2,P,B,U
older,101,1,P,none,F
older,101,2,A,none,F
older,102,1,P,none,F
older,102,2,A,none,F
older,103,1,P,none,F
older,103,2,A,none,F
older,104,1,P,none,F
older,104,2,A,none,F
older,105,1,P,none,F
older,105,2,A,none,F
older,106,1,P,none,F
older,106,2,A,none,U
older,107,1,P,none,F
older,107,2,A,none,U
older,108,1,P,none,F
older,108,2,A,none,U
older,109,1,P,none,U
older,109,2,A,none,F
older,110,1,P,none,U
older,110,2,A,none,F
older,111,1,P,none,U
older,111,2,A,none,F
older,112,1,P,none,U
older,112,2,A,none,F
older,113,1,P,none,U
older,113,2,A,none,F
older,114,1,P,none,U
older,114,2,A,none,F
older,115,1,P,none,U
older,115,2,A,none,F
older,116,1,P,none,U
older,116,2,A,none,F
older,117,1,P,none,U
older,117,2,A,none,F
older,118,1,P,none,U
older,118,2,A,none,F
older,119,1,P,none,U
older,119,2,A,none,F
older,120,1,P,none,U
older,120,2,A,none,F
older,121,1,P,none,U
older,121,2,A,none,F
older,122,1,P,none,U
older,122,2,A,none,F
older,123,1,P,none,U
older,123,2,A,none,F
older,124,1,P,none,U
older,124,2,A,none,F
older,125,1,P,none,U
older,125,2,A,none,F
older,126,1,P,none,U
older,126,2,A,none,F
older,127,1,P,none,U
older,127,2,A,none,F
older,128,1,P,none,U
older,128,2,A,none,F
older,129,1,P,none,U
older,129,2,A,none,F
older,130,1,P,none,U
older,130,2,A,none,F
older,131,1,P,none,U
older,131,2,A,none,U
older,132,1,P,none,U
older,132,2,A,none,U
older,133,1,P,none,U
older,133,2,A,none,U
older,134,1,P,none,U
older,134,2,A,none,U
older,135,1,P,none,U
older,135,2,A,none,U
older,136,1,P,none,U
older,136,2,A,none,U
older,137,1,P,none,U
older,137,2,A,none,U
older,138,1,P,none,U
older,138,2,A,none,U
older,139,1,P,none,U
older,139,2,A,none,U
older,140,1,P,none,U
older,140,2,A,none,U
older,141,1,P,none,U
older,141,2,A,none,U
older,142,1,P,none,U
older,142,2,A,none,U
older,143,1,P,none,U
older,143,2,A,none,U
older,144,1,P,none,U
older,144,2,A,none,U
older,145,1,P,none,U
older,145,2,A,none,U
older,146,1,P,none,U
older,146,2,A,none,U
older,147,1,P,none,U
older,147,2,A,none,U
older,148,1,P,none,U
older,148,2,A,none,U
older,149,1,P,none,U
older,149,2,A,none,U
older,150,1,P,none,U
older,150,2,A,none,U
younger,151,1,B,none,F
younger,151,2,A,B,F
younger,152,1,B,none,F
younger,152,2,A,B,F
younger,153,1,B,none,F
younger,153,2,A,B,F
younger,154,1,B,none,F
younger,154,2,A,B,F
younger,155,1,B,none,F
younger,155,2,A,B,F
younger,156,1,B,none,F
younger,156,2,A,B,F
younger,157,1,B,none,F
younger,157,2,A,B,F
younger,158,1,B,none,F
younger,158,2,A,B,F
younger,159,1,B,none,F
younger,159,2,A,B,F
younger,160,1,B,none,F
younger,160,2,A,B,F
younger,161,1,B,none,F
younger,161,2,A,B,F
younger,162,1,B,none,F
younger,162,2,A,B,F
younger,163,1,B,none,F
younger,163,2,A,B,F
younger,164,1,B,none,F
younger,164,2,A,B,F
younger,165,1,B,none,F
younger,165,2,A,B,F
younger,166,1,B,none,F
younger,166,2,A,B,F
younger,167,1,B,none,F
younger,167,2,A,B,F
younger,168,1,B,none,F
younger,168,2,A,B,F
younger,169,1,B,none,F
younger,169,2,A,B,F
younger,170,1,B,none,F
younger,170,2,A,B,U
younger,171,1,B,none,F
younger,171,2,A,B,U
younger,172,1,B,none,F
younger,172,2,A,B,U
younger,173,1,B,none,U
younger,173,2,A,B,F
younger,174,1,B,none,U
younger,174,2,A,B,F
younger,175,1,B,none,U
younger,175,2,A,B,F
younger,176,1,B,none,U
younger,176,2,A,B,F
younger,177,1,B,none,U
younger,177,2,A,B,F
younger,178,1,B,none,U
younger,178,2,A,B,F
younger,179,1,B,none,U
younger,179,2,A,B,F
younger,180,1,B,none,U
younger,180,2,A,B,F
younger,181,1,B,none,U
younger,181,2,A,B,F
younger,182,1,B,none,U
younger,182,2,A,B,F
younger,183,1,B,none,U
younger,183,2,A,B,F
younger,184,1,B,none,U
younger,184,2,A,B,F
younger,185,1,B,none,U
younger,185,2,A,B,F
younger,186,1,B,none,U
younger,186,2,A,B,F
younger,187,1,B,none,U
younger,187,2,A,B,F
younger,188,1,B,none,U
younger,188,2,A,B,F
younger,189,1,B,none,U
younger,189,2,A,B,F
younger,190,1,B,none,U
younger,190,2,A,B,F
younger,191,1,B,none,U
younger,191,2,A,B,F
younger,192,1,B,none,U
younger,192,2,A,B,F
younger,193,1,B,none,U
younger,193,2,A,B,F
younger,194,1,B,none,U
younger,194,2,A,B,F
younger,195,1,B,none,U
younger,195,2,A,B,F
younger,196,1,B,none,U
younger,196,2,A,B,F
younger,197,1,B,none,U
younger,197,2,A,B,F
younger,198,1,B,none,U
younger,198,2,A,B,U
younger,199,1,B,none,U
younger,199,2,A,B,U
younger,200,1,B,none,U
younger,200,2,A,B,U
younger,201,1,A,none,F
younger,201,2,P,A,F
younger,202,1,A,none,F
younger,202,2,P,A,F
younger,203,1,A,none,F
younger,203,2,P,A,F
younger,204,1,A,none,F
younger,204,2,P,A,F
younger,205,1,A,none,F
younger,205,2,P,A,F
younger,206,1,A,none,F
younger,206,2,P,A,F
younger,207,1,A,none,F
younger,207,2,P,A,F
younger,208,1,A,none,F
younger,208,2,P,A,F
younger,209,1,A,none,F
younger,209,2,P,A,F
younger,210,1,A,none,F
younger,210,2,P,A,F
younger,211,1,A,none,F
younger,211,2,P,A,F
younger,212,1,A,none,F
younger,212,2,P,A,F
younger,213,1,A,none,F
younger,213,2,P,A,F
younger,214,1,A,none,F
younger,214,2,P,A,F
younger,215,1,A,none,F
younger,215,2,P,A,F
younger,216,1,A,none,F
younger,216,2,P,A,F
younger,217,1,A,none,F
younger,217,2,P,A,F
younger,218,1,A,none,F
younger,218,2,P,A,F
younger,219,1,A,none,F
younger,219,2,P,A,F
younger,220,1,A,none,F
younger,220,2,P,A,F
younger,221,1,A,none,F
younger,221,2,P,A,F
younger,222,1,A,none,F
younger,222,2,P,A,F
younger,223,1,A,none,F
younger,223,2,P,A,F
younger,224,1,A,none,F
younger,224,2,P,A,F
younger,225,1,A,none,F
younger,225,2,P,A,F
younger,226,1,A,none,F
younger,226,2,P,A,U
younger,227,1,A,none,F
younger,227,2,P,A,U
younger,228,1,A,none,F
younger,228,2,P,A,U
younger,229,1,A,none,F
younger,229,2,P,A,U
younger,230,1,A,none,F
younger,230,2,P,A,U
younger,231,1,A,none,F
younger,231,2,P,A,U
younger,232,1,A,none,U
younger,232,2,P,A,F
younger,233,1,A,none,U
younger,233,2,P,A,F
younger,234,1,A,none,U
younger,234,2,P,A,F
younger,235,1,A,none,U
younger,235,2,P,A,F
younger,236,1,A,none,U
younger,236,2,P,A,F
younger,237,1,A,none,U
younger,237,2,P,A,F
younger,238,1,A,none,U
younger,238,2,P,A,U
younger,239,1,A,none,U
younger,239,2,P,A,U
younger,240,1,A,none,U
younger,240,2,P,A,U
younger,241,1,A,none,U
younger,241,2,P,A,U
younger,242,1,A,none,U
younger,242,2,P,A,U
younger,243,1,A,none,U
younger,243,2,P,A,U
younger,244,1,A,none,U
younger,244,2,P,A,U
younger,245,1,A,none,U
younger,245,2,P,A,U
younger,246,1,A,none,U
younger,246,2,P,A,U
younger,247,1,A,none,U
younger,247,2,P,A,U
younger,248,1,A,none,U
younger,248,2,P,A,U
younger,249,1,A,none,U
younger,249,2,P,A,U
younger,250,1,A,none,U
younger,250,2,P,A,U
younger,251,1,P,none,F
younger,251,2,B,none,F
younger,252,1,P,none,F
younger,252,2,B,none,F
younger,253,1,P,none,F
younger,253,2,B,none,F
younger,254,1,P,none,F
younger,254,2,B,none,F
younger,255,1,P,none,F
younger,255,2,B,none,F
younger,256,1,P,none,F
younger,256,2,B,none,F
younger,257,1,P,none,F
younger,257,2,B,none,F
younger,258,1,P,none,F
younger,258,2,B,none,F
younger,259,1,P,none,F
younger,259,2,B,none,F
younger,260,1,P,none,F
younger,260,2,B,none,F
younger,261,1,P,none,F
younger,261,2,B,none,F
younger,262,1,P,none,F
younger,262,2,B,none,F
younger,263,1,P,none,F
younger,263,2,B,none,F
younger,264,1,P,none,F
younger,264,2,B,none,U
younger,265,1,P,none,F
younger,265,2,B,none,U
younger,266,1,P,none,F
younger,266,2,B,none,U
younger,267,1,P,none,F
younger,267,2,B,none,U
younger,268,1,P,none,F
younger,268,2,B,none,U
younger,269,1,P,none,U
younger,269,2,B,none,F
younger,270,1,P,none,U
younger,270,2,B,none,F
younger,271,1,P,none,U
younger,271,2,B,none,F
younger,272,1,P,none,U
younger,272,2,B,none,F
younger,273,1,P,none,U
younger,273,2,B,none,F
younger,274,1,P,none,U
younger,274,2,B,none,F
younger,275,1,P,none,U
younger,275,2,B,none,F
younger,276,1,P,none,U
younger,276,2,B,none,F
younger,277,1,P,none,U
younger,277,2,B,none,F
younger,278,1,P,none,U
younger,278,2,B,none,F
younger,279,1,P,none,U
younger,279,2,B,none,F
younger,280,1,P,none,U
younger,280,2,B,none,F
younger,281,1,P,none,U
younger,281,2,B,none,F
younger,282,1,P,none,U
younger,282,2,B,none,F
younger,283,1,P,none,U
younger,283,2,B,none,F
younger,284,1,P,none,U
younger,284,2,B,none,F
younger,285,1,P,none,U
younger,285,2,B,none,F
younger,286,1,P,none,U
younger,286,2,B,none,F
younger,287,1,P,none,U
younger,287,2,B,none,F
younger,288,1,P,none,U
younger,288,2,B,none,F
younger,289,1,P,none,U
younger,289,2,B,none,F
younger,290,1,P,none,U
younger,290,2,B,none,U
younger,291,1,P,none,U
younger,291,2,B,none,U
younger,292,1,P,none,U
younger,292,2,B,none,U
younger,293,1,P,none,U
younger,293,2,B,none,U
younger,294,1,P,none,U
younger,294,2,B,none,U
younger,295,1,P,none,U
younger,295,2,B,none,U
younger,296,1,P,none,U
younger,296,2,B,none,U
younger,297,1,P,none,U
younger,297,2,B,none,U
younger,298,1,P,none,U
younger,298,2,B,none,U
younger,299,1,P,none,U
younger,299,2,B,none,U
younger,300,1,P,none,U
younger,300,2,B,none,U
