Center,Treatment,Sex,Age,Improvement,Initial
1,t,f,27,0,1
1,p,f,32,0,2
41,t,f,13,1,2
41,p,m,22,0,3
2,t,f,41,1,3
2,p,f,47,0,1
42,t,m,31,1,1
42,p,f,21,1,3
3,t,m,19,1,4
3,p,m,31,0,4
43,t,f,19,1,3
43,p,m,35,1,3
4,t,m,55,1,1
4,p,m,24,1,3
44,t,m,31,1,3
44,p,f,37,0,2
5,t,f,51,1,4
5,p,f,44,0,2
45,t,f,44,0,1
45,p,f,41,1,1
6,t,m,23,0,1
6,p,f,44,1,3
46,t,m,41,1,2
46,p,m,41,0,1
7,t,m,31,1,2
7,p,f,39,0,2
47,t,m,41,1,2
47,p,f,21,0,4
8,t,m,22,0,1
8,p,m,54,1,4
48,t,f,51,1,2
48,p,m,22,1,1
9,t,m,37,1,3
9,p,m,63,0,2
49,t,f,62,1,3
49,p,f,32,0,3
10,t,m,33,0,3
10,p,f,43,0,3
50,t,m,21,0,1
50,p,m,34,0,1
11,t,f,32,1,1
11,p,m,33,0,3
51,t,m,55,1,3
51,p,f,35,1,2
12,t,m,47,1,4
12,p,m,24,0,4
52,t,f,61,0,1
52,p,m,19,0,1
13,t,m,55,1,3
13,p,f,38,1,1
53,t,m,43,1,2
53,p,m,31,0,2
14,t,f,33,0,1
14,p,f,28,1,2
54,t,f,44,1,1
54,p,f,41,1,1
15,t,f,48,1,1
15,p,f,42,0,1
55,t,m,67,1,2
55,p,m,41,0,1
16,t,m,55,1,3
16,p,m,52,0,1
56,t,m,41,0,2
56,p,m,21,1,4
17,t,m,30,0,4
17,p,m,48,1,4
57,t,f,51,1,3
57,p,m,51,0,2
18,t,f,31,1,2
18,p,m,27,1,3
58,t,m,62,1,3
58,p,m,54,1,3
19,t,m,66,1,3
19,p,f,54,0,1
59,t,m,22,0,1
59,p,f,22,0,1
20,t,f,45,0,2
20,p,f,66,1,2
60,t,m,42,1,2
60,p,f,29,1,2
21,t,m,19,1,4
21,p,f,20,1,4
61,t,f,51,1,1
61,p,f,31,0,1
22,t,m,34,1,4
22,p,f,31,0,1
62,t,m,27,0,2
62,p,m,32,1,2
23,t,f,46,0,1
23,p,m,30,1,2
63,t,m,31,1,1
63,p,f,21,0,1
24,t,m,48,1,3
24,p,f,62,0,4
64,t,m,35,0,3
64,p,m,33,1,3
25,t,m,50,1,4
25,p,m,45,1,4
65,t,m,67,1,2
65,p,m,19,0,1
26,t,m,57,1,3
26,p,f,43,0,3
66,t,m,41,0,2
66,p,m,62,1,4
27,t,f,13,0,2
27,p,m,22,1,3
67,t,f,31,1,2
67,p,m,45,1,3
28,t,m,31,1,1
28,p,f,21,0,1
68,t,m,34,1,1
68,p,f,54,0,1
29,t,m,35,1,3
29,p,m,35,1,3
69,t,f,21,0,1
69,p,m,34,1,4
30,t,f,36,1,3
30,p,f,37,0,3
70,t,m,64,1,3
70,p,m,51,0,1
31,t,f,45,0,1
31,p,f,41,1,1
71,t,f,61,1,3
71,p,m,34,1,3
32,t,m,13,1,2
32,p,m,42,0,1
72,t,m,33,0,1
72,p,f,43,0,1
33,t,m,14,0,4
33,p,f,22,1,2
73,t,f,36,0,2
73,p,m,37,0,3
34,t,f,15,1,2
34,p,m,24,0,1
74,t,m,21,1,1
74,p,m,55,0,1
35,t,f,19,1,3
35,p,f,31,0,1
75,t,f,47,0,2
75,p,f,42,1,3
36,t,m,20,0,2
36,p,m,32,1,3
76,t,f,51,1,4
76,p,m,44,0,2
37,t,m,23,1,3
37,p,f,35,0,1
77,t,f,23,1,1
77,p,m,41,1,3
38,t,f,23,0,1
38,p,m,21,1,1
78,t,m,31,0,2
78,p,f,23,1,4
39,t,m,24,1,4
39,p,m,30,1,3
79,t,m,22,0,1
79,p,m,19,1,4
40,t,m,57,1,3
40,p,f,43,1,3
