"city","medicaid","queue"
"A","Yes",4
"A","Yes",6
"A","Yes",4
"A","No",4
"A","Yes",6
"A","No",3
"A","No",6
"A","Yes",2
"A","Yes",3
"A","Yes",3
"A","Yes",3
"A","Yes",2
"A","Yes",6
"A","Yes",8
"A","Yes",7
"A","Yes",7
"A","Yes",5
"A","No",4
"A","Yes",7
"A","Yes",5
"A","No",6
"A","Yes",4
"A","Yes",4
"A","Yes",11
"A","Yes",6
"A","Yes",3
"A","Yes",3
"A","Yes",5
"A","No",8
"A","Yes",5
"A","Yes",10
"A","Yes",6
"A","Yes",4
"A","Yes",4
"A","No",3
"A","Yes",1
"A","Yes",6
"A","Yes",2
"A","Yes",5
"A","Yes",6
"B","No",20
"B","Yes",11
"B","Yes",14
"B","Yes",12
"B","Yes",9
"B","Yes",7
"B","Yes",17
"B","Yes",12
"B","Yes",19
"B","Yes",13
"B","Yes",9
"B","No",11
"B","Yes",14
"B","Yes",15
"B","Yes",12
"B","Yes",11
"B","Yes",8
"B","Yes",9
"B","Yes",16
"B","Yes",14
"B","No",11
"B","Yes",10
"B","Yes",10
"B","Yes",15
"B","Yes",11
"B","Yes",16
"B","Yes",14
"B","Yes",16
"B","Yes",8
"B","No",16
"B","Yes",14
"B","No",17
"B","Yes",13
"B","Yes",7
"B","Yes",12
"B","No",15
"B","No",14
"B","Yes",9
"B","Yes",8
"B","No",8
